PERMNO,date,COMNAM,PRC
11850,19251231,STANDARD OIL CO N J,46.00000
11850,19260130,STANDARD OIL CO N J,45.25000
11850,19260227,STANDARD OIL CO N J,42.00000
11850,19260331,STANDARD OIL CO N J,42.50000
11850,19260430,STANDARD OIL CO N J,45.00000
11850,19260528,STANDARD OIL CO N J,44.87500
11850,19260630,STANDARD OIL CO N J,44.62500
11850,19260731,STANDARD OIL CO N J,44.37500
11850,19260831,STANDARD OIL CO N J,43.50000
11850,19260930,STANDARD OIL CO N J,42.37500
11850,19261030,STANDARD OIL CO N J,42.12500
11850,19261130,STANDARD OIL CO N J,38.25000
11850,19261231,STANDARD OIL CO N J,38.75000
11850,19270131,STANDARD OIL CO N J,38.50000
11850,19270228,STANDARD OIL CO N J,39.00000
11850,19270331,STANDARD OIL CO N J,37.00000
11850,19270430,STANDARD OIL CO N J,35.37500
11850,19270531,STANDARD OIL CO N J,37.00000
11850,19270630,STANDARD OIL CO N J,36.25000
11850,19270730,STANDARD OIL CO N J,37.25000
11850,19270831,STANDARD OIL CO N J,38.00000
11850,19270930,STANDARD OIL CO N J,40.12500
11850,19271031,STANDARD OIL CO N J,39.00000
11850,19271130,STANDARD OIL CO N J,39.87500
11850,19271231,STANDARD OIL CO N J,39.75000
11850,19280131,STANDARD OIL CO N J,39.12500
11850,19280229,STANDARD OIL CO N J,38.87500
11850,19280331,STANDARD OIL CO N J,41.12500
11850,19280430,STANDARD OIL CO N J,47.75000
11850,19280531,STANDARD OIL CO N J,45.12500
11850,19280630,STANDARD OIL CO N J,43.87500
11850,19280731,STANDARD OIL CO N J,45.00000
11850,19280831,STANDARD OIL CO N J,45.00000
11850,19280929,STANDARD OIL CO N J,45.62500
11850,19281031,STANDARD OIL CO N J,47.00000
11850,19281130,STANDARD OIL CO N J,59.37500
11850,19281231,STANDARD OIL CO N J,55.00000
11850,19290131,STANDARD OIL CO N J,50.25000
11850,19290228,STANDARD OIL CO N J,49.37500
11850,19290328,STANDARD OIL CO N J,58.37500
11850,19290430,STANDARD OIL CO N J,58.87500
11850,19290531,STANDARD OIL CO N J,57.00000
11850,19290629,STANDARD OIL CO N J,57.37500
11850,19290731,STANDARD OIL CO N J,57.87500
11850,19290830,STANDARD OIL CO N J,71.75000
11850,19290930,STANDARD OIL CO N J,73.75000
11850,19291031,STANDARD OIL CO N J,70.25000
11850,19291127,STANDARD OIL CO N J,64.00000
11850,19291231,STANDARD OIL CO N J,66.12500
11850,19300131,STANDARD OIL CO N J,65.25000
11850,19300228,STANDARD OIL CO N J,58.75000
11850,19300331,STANDARD OIL CO N J,74.00000
11850,19300430,STANDARD OIL CO N J,83.50000
11850,19300529,STANDARD OIL CO N J,80.37500
11850,19300630,STANDARD OIL CO N J,65.50000
11850,19300731,STANDARD OIL CO N J,72.00000
11850,19300829,STANDARD OIL CO N J,70.12500
11850,19300930,STANDARD OIL CO N J,57.25000
11850,19301031,STANDARD OIL CO N J,52.75000
11850,19301129,STANDARD OIL CO N J,52.75000
11850,19301231,STANDARD OIL CO N J,47.12500
11850,19310131,STANDARD OIL CO N J,47.50000
11850,19310228,STANDARD OIL CO N J,49.75000
11850,19310331,STANDARD OIL CO N J,41.87500
11850,19310430,STANDARD OIL CO N J,37.37500
11850,19310529,STANDARD OIL CO N J,33.00000
11850,19310630,STANDARD OIL CO N J,38.75000
11850,19310731,STANDARD OIL CO N J,37.25000
11850,19310831,STANDARD OIL CO N J,40.50000
11850,19310930,STANDARD OIL CO N J,29.62500
11850,19311031,STANDARD OIL CO N J,34.50000
11850,19311130,STANDARD OIL CO N J,32.25000
11850,19311231,STANDARD OIL CO N J,27.87500
11850,19320130,STANDARD OIL CO N J,25.50000
11850,19320229,STANDARD OIL CO N J,28.25000
11850,19320331,STANDARD OIL CO N J,28.37500
11850,19320430,STANDARD OIL CO N J,22.62500
11850,19320531,STANDARD OIL CO N J,22.25000
11850,19320630,STANDARD OIL CO N J,23.50000
11850,19320730,STANDARD OIL CO N J,30.25000
11850,19320831,STANDARD OIL CO N J,34.75000
11850,19320930,STANDARD OIL CO N J,31.12500
11850,19321031,STANDARD OIL CO N J,30.12500
11850,19321130,STANDARD OIL CO N J,29.62500
11850,19321231,STANDARD OIL CO N J,30.25000
11850,19330131,STANDARD OIL CO N J,29.50000
11850,19330228,STANDARD OIL CO N J,23.50000
11850,19330331,STANDARD OIL CO N J,25.37500
11850,19330429,STANDARD OIL CO N J,34.75000
11850,19330531,STANDARD OIL CO N J,36.00000
11850,19330630,STANDARD OIL CO N J,37.50000
11850,19330731,STANDARD OIL CO N J,34.25000
11850,19330831,STANDARD OIL CO N J,40.25000
11850,19330930,STANDARD OIL CO N J,39.75000
11850,19331031,STANDARD OIL CO N J,40.37500
11850,19331129,STANDARD OIL CO N J,45.12500
11850,19331230,STANDARD OIL CO N J,45.75000
11850,19340131,STANDARD OIL CO N J,47.12500
11850,19340228,STANDARD OIL CO N J,46.50000
11850,19340331,STANDARD OIL CO N J,45.50000
11850,19340430,STANDARD OIL CO N J,44.62500
11850,19340531,STANDARD OIL CO N J,42.87500
11850,19340630,STANDARD OIL CO N J,43.87500
11850,19340731,STANDARD OIL CO N J,41.62500
11850,19340831,STANDARD OIL CO N J,44.25000
11850,19340929,STANDARD OIL CO N J,43.50000
11850,19341031,STANDARD OIL CO N J,40.37500
11850,19341130,STANDARD OIL CO N J,42.87500
11850,19341231,STANDARD OIL CO N J,43.25000
11850,19350131,STANDARD OIL CO N J,41.37500
11850,19350228,STANDARD OIL CO N J,38.00000
11850,19350330,STANDARD OIL CO N J,37.00000
11850,19350430,STANDARD OIL CO N J,43.00000
11850,19350531,STANDARD OIL CO N J,45.75000
11850,19350629,STANDARD OIL CO N J,46.62500
11850,19350731,STANDARD OIL CO N J,47.00000
11850,19350831,STANDARD OIL CO N J,45.50000
11850,19350930,STANDARD OIL CO N J,43.00000
11850,19351031,STANDARD OIL CO N J,48.62500
11850,19351130,STANDARD OIL CO N J,48.25000
11850,19351231,STANDARD OIL CO N J,51.75000
11850,19360131,STANDARD OIL CO N J,59.62500
11850,19360229,STANDARD OIL CO N J,59.87500
11850,19360331,STANDARD OIL CO N J,65.00000
11850,19360430,STANDARD OIL CO N J,58.87500
11850,19360529,STANDARD OIL CO N J,59.50000
11850,19360630,STANDARD OIL CO N J,58.87500
11850,19360731,STANDARD OIL CO N J,62.12500
11850,19360831,STANDARD OIL CO N J,62.87500
11850,19360930,STANDARD OIL CO N J,60.37500
11850,19361031,STANDARD OIL CO N J,68.50000
11850,19361130,STANDARD OIL CO N J,65.87500
11850,19361231,STANDARD OIL CO N J,68.75000
11850,19370130,STANDARD OIL CO N J,69.50000
11850,19370227,STANDARD OIL CO N J,72.12500
11850,19370331,STANDARD OIL CO N J,72.12500
11850,19370430,STANDARD OIL CO N J,66.12500
11850,19370528,STANDARD OIL CO N J,67.25000
11850,19370630,STANDARD OIL CO N J,65.50000
11850,19370731,STANDARD OIL CO N J,70.00000
11850,19370831,STANDARD OIL CO N J,65.12500
11850,19370930,STANDARD OIL CO N J,56.87500
11850,19371030,STANDARD OIL CO N J,53.50000
11850,19371130,STANDARD OIL CO N J,45.00000
11850,19371231,STANDARD OIL CO N J,45.25000
11850,19380131,STANDARD OIL CO N J,47.00000
11850,19380228,STANDARD OIL CO N J,53.00000
11850,19380331,STANDARD OIL CO N J,40.25000
11850,19380430,STANDARD OIL CO N J,45.62500
11850,19380531,STANDARD OIL CO N J,44.37500
11850,19380630,STANDARD OIL CO N J,52.87500
11850,19380730,STANDARD OIL CO N J,57.00000
11850,19380831,STANDARD OIL CO N J,52.25000
11850,19380930,STANDARD OIL CO N J,53.25000
11850,19381031,STANDARD OIL CO N J,52.00000
11850,19381130,STANDARD OIL CO N J,51.50000
11850,19381231,STANDARD OIL CO N J,53.12500
11850,19390131,STANDARD OIL CO N J,50.25000
11850,19390228,STANDARD OIL CO N J,48.50000
11850,19390331,STANDARD OIL CO N J,45.50000
11850,19390429,STANDARD OIL CO N J,45.00000
11850,19390531,STANDARD OIL CO N J,44.50000
11850,19390630,STANDARD OIL CO N J,40.75000
11850,19390731,STANDARD OIL CO N J,41.75000
11850,19390831,STANDARD OIL CO N J,40.50000
11850,19390930,STANDARD OIL CO N J,48.75000
11850,19391031,STANDARD OIL CO N J,46.87500
11850,19391130,STANDARD OIL CO N J,44.37500
11850,19391230,STANDARD OIL CO N J,43.87500
11850,19400131,STANDARD OIL CO N J,43.00000
11850,19400229,STANDARD OIL CO N J,43.75000
11850,19400330,STANDARD OIL CO N J,43.37500
11850,19400430,STANDARD OIL CO N J,42.75000
11850,19400531,STANDARD OIL CO N J,30.00000
11850,19400629,STANDARD OIL CO N J,33.00000
11850,19400731,STANDARD OIL CO N J,33.75000
11850,19400831,STANDARD OIL CO N J,34.75000
11850,19400930,STANDARD OIL CO N J,33.25000
11850,19401031,STANDARD OIL CO N J,36.37500
11850,19401130,STANDARD OIL CO N J,34.37500
11850,19401231,STANDARD OIL CO N J,34.37500
11850,19410131,STANDARD OIL CO N J,33.62500
11850,19410228,STANDARD OIL CO N J,34.37500
11850,19410331,STANDARD OIL CO N J,35.12500
11850,19410430,STANDARD OIL CO N J,34.50000
11850,19410531,STANDARD OIL CO N J,36.50000
11850,19410630,STANDARD OIL CO N J,40.75000
11850,19410731,STANDARD OIL CO N J,44.75000
11850,19410830,STANDARD OIL CO N J,43.50000
11850,19410930,STANDARD OIL CO N J,42.12500
11850,19411031,STANDARD OIL CO N J,43.25000
11850,19411129,STANDARD OIL CO N J,44.25000
11850,19411231,STANDARD OIL CO N J,41.75000
11850,19420131,STANDARD OIL CO N J,39.87500
11850,19420228,STANDARD OIL CO N J,37.00000
11850,19420331,STANDARD OIL CO N J,33.62500
11850,19420430,STANDARD OIL CO N J,31.87500
11850,19420529,STANDARD OIL CO N J,34.87500
11850,19420630,STANDARD OIL CO N J,35.00000
11850,19420731,STANDARD OIL CO N J,37.75000
11850,19420831,STANDARD OIL CO N J,38.50000
11850,19420930,STANDARD OIL CO N J,39.50000
11850,19421031,STANDARD OIL CO N J,43.00000
11850,19421130,STANDARD OIL CO N J,43.25000
11850,19421231,STANDARD OIL CO N J,46.12500
11850,19430130,STANDARD OIL CO N J,49.00000
11850,19430227,STANDARD OIL CO N J,50.87500
11850,19430331,STANDARD OIL CO N J,53.37500
11850,19430430,STANDARD OIL CO N J,54.75000
11850,19430529,STANDARD OIL CO N J,56.87500
11850,19430630,STANDARD OIL CO N J,58.12500
11850,19430731,STANDARD OIL CO N J,55.50000
11850,19430831,STANDARD OIL CO N J,57.37500
11850,19430930,STANDARD OIL CO N J,59.12500
11850,19431030,STANDARD OIL CO N J,58.12500
11850,19431130,STANDARD OIL CO N J,52.00000
11850,19431231,STANDARD OIL CO N J,54.62500
11850,19440131,STANDARD OIL CO N J,54.62500
11850,19440229,STANDARD OIL CO N J,53.75000
11850,19440331,STANDARD OIL CO N J,53.50000
11850,19440429,STANDARD OIL CO N J,53.00000
11850,19440531,STANDARD OIL CO N J,56.37500
11850,19440630,STANDARD OIL CO N J,57.00000
11850,19440731,STANDARD OIL CO N J,55.25000
11850,19440831,STANDARD OIL CO N J,54.00000
11850,19440930,STANDARD OIL CO N J,53.87500
11850,19441031,STANDARD OIL CO N J,55.12500
11850,19441130,STANDARD OIL CO N J,54.87500
11850,19441230,STANDARD OIL CO N J,56.25000
11850,19450131,STANDARD OIL CO N J,58.00000
11850,19450228,STANDARD OIL CO N J,60.62500
11850,19450331,STANDARD OIL CO N J,58.00000
11850,19450430,STANDARD OIL CO N J,62.87500
11850,19450531,STANDARD OIL CO N J,63.50000
11850,19450630,STANDARD OIL CO N J,62.37500
11850,19450731,STANDARD OIL CO N J,59.37500
11850,19450831,STANDARD OIL CO N J,61.75000
11850,19450929,STANDARD OIL CO N J,61.50000
11850,19451031,STANDARD OIL CO N J,64.50000
11850,19451130,STANDARD OIL CO N J,67.00000
11850,19451231,STANDARD OIL CO N J,66.75000
11850,19460131,STANDARD OIL CO N J,68.25000
11850,19460228,STANDARD OIL CO N J,66.00000
11850,19460330,STANDARD OIL CO N J,69.50000
11850,19460430,STANDARD OIL CO N J,78.00000
11850,19460531,STANDARD OIL CO N J,76.25000
11850,19460628,STANDARD OIL CO N J,77.25000
11850,19460731,STANDARD OIL CO N J,76.75000
11850,19460830,STANDARD OIL CO N J,72.62500
11850,19460930,STANDARD OIL CO N J,67.50000
11850,19461031,STANDARD OIL CO N J,66.75000
11850,19461130,STANDARD OIL CO N J,66.00000
11850,19461231,STANDARD OIL CO N J,69.25000
11850,19470131,STANDARD OIL CO N J,67.75000
11850,19470228,STANDARD OIL CO N J,65.75000
11850,19470331,STANDARD OIL CO N J,66.87500
11850,19470430,STANDARD OIL CO N J,67.37500
11850,19470529,STANDARD OIL CO N J,70.75000
11850,19470630,STANDARD OIL CO N J,76.75000
11850,19470731,STANDARD OIL CO N J,78.50000
11850,19470829,STANDARD OIL CO N J,76.62500
11850,19470930,STANDARD OIL CO N J,73.87500
11850,19471031,STANDARD OIL CO N J,77.00000
11850,19471129,STANDARD OIL CO N J,75.00000
11850,19471231,STANDARD OIL CO N J,79.37500
11850,19480131,STANDARD OIL CO N J,72.87500
11850,19480228,STANDARD OIL CO N J,71.25000
11850,19480331,STANDARD OIL CO N J,74.87500
11850,19480430,STANDARD OIL CO N J,78.87500
11850,19480528,STANDARD OIL CO N J,81.87500
11850,19480630,STANDARD OIL CO N J,86.50000
11850,19480730,STANDARD OIL CO N J,79.25000
11850,19480831,STANDARD OIL CO N J,78.25000
11850,19480930,STANDARD OIL CO N J,74.87500
11850,19481030,STANDARD OIL CO N J,79.75000
11850,19481130,STANDARD OIL CO N J,71.37500
11850,19481231,STANDARD OIL CO N J,72.12500
11850,19490131,STANDARD OIL CO N J,70.12500
11850,19490228,STANDARD OIL CO N J,67.12500
11850,19490331,STANDARD OIL CO N J,68.37500
11850,19490430,STANDARD OIL CO N J,67.75000
11850,19490531,STANDARD OIL CO N J,64.37500
11850,19490630,STANDARD OIL CO N J,62.62500
11850,19490729,STANDARD OIL CO N J,66.50000
11850,19490831,STANDARD OIL CO N J,67.37500
11850,19490930,STANDARD OIL CO N J,69.50000
11850,19491031,STANDARD OIL CO N J,73.62500
11850,19491130,STANDARD OIL CO N J,67.25000
11850,19491231,STANDARD OIL CO N J,66.75000
11850,19500131,STANDARD OIL CO N J,68.62500
11850,19500228,STANDARD OIL CO N J,67.25000
11850,19500331,STANDARD OIL CO N J,69.00000
11850,19500429,STANDARD OIL CO N J,71.00000
11850,19500531,STANDARD OIL CO N J,76.00000
11850,19500630,STANDARD OIL CO N J,72.50000
11850,19500731,STANDARD OIL CO N J,78.50000
11850,19500831,STANDARD OIL CO N J,80.87500
11850,19500929,STANDARD OIL CO N J,83.37500
11850,19501031,STANDARD OIL CO N J,84.62500
11850,19501130,STANDARD OIL CO N J,85.37500
11850,19501230,STANDARD OIL CO N J,91.75000
11850,19510131,STANDARD OIL CO N J,100.62500
11850,19510228,STANDARD OIL CO N J,104.50000
11850,19510331,STANDARD OIL CO N J,101.87500
11850,19510430,STANDARD OIL CO N J,116.50000
11850,19510531,STANDARD OIL CO N J,113.25000
11850,19510629,STANDARD OIL CO N J,60.25000
11850,19510731,STANDARD OIL CO N J,68.00000
11850,19510831,STANDARD OIL CO N J,70.00000
11850,19510928,STANDARD OIL CO N J,67.00000
11850,19511031,STANDARD OIL CO N J,70.25000
11850,19511130,STANDARD OIL CO N J,69.75000
11850,19511231,STANDARD OIL CO N J,75.75000
11850,19520131,STANDARD OIL CO N J,80.50000
11850,19520229,STANDARD OIL CO N J,75.37500
11850,19520331,STANDARD OIL CO N J,79.25000
11850,19520430,STANDARD OIL CO N J,74.50000
11850,19520529,STANDARD OIL CO N J,76.37500
11850,19520630,STANDARD OIL CO N J,81.00000
11850,19520731,STANDARD OIL CO N J,80.62500
11850,19520829,STANDARD OIL CO N J,78.00000
11850,19520930,STANDARD OIL CO N J,75.12500
11850,19521031,STANDARD OIL CO N J,75.62500
11850,19521128,STANDARD OIL CO N J,75.75000
11850,19521231,STANDARD OIL CO N J,77.75000
11850,19530130,STANDARD OIL CO N J,76.12500
11850,19530227,STANDARD OIL CO N J,74.25000
11850,19530331,STANDARD OIL CO N J,73.00000
11850,19530430,STANDARD OIL CO N J,69.25000
11850,19530529,STANDARD OIL CO N J,70.75000
11850,19530630,STANDARD OIL CO N J,71.37500
11850,19530731,STANDARD OIL CO N J,74.75000
11850,19530831,STANDARD OIL CO N J,69.62500
11850,19530930,STANDARD OIL CO N J,68.87500
11850,19531030,STANDARD OIL CO N J,72.50000
11850,19531130,STANDARD OIL CO N J,71.87500
11850,19531231,STANDARD OIL CO N J,72.00000
11850,19540129,STANDARD OIL CO N J,78.87500
11850,19540226,STANDARD OIL CO N J,79.00000
11850,19540331,STANDARD OIL CO N J,80.75000
11850,19540430,STANDARD OIL CO N J,88.75000
11850,19540528,STANDARD OIL CO N J,89.87500
11850,19540630,STANDARD OIL CO N J,86.12500
11850,19540730,STANDARD OIL CO N J,89.50000
11850,19540831,STANDARD OIL CO N J,90.50000
11850,19540930,STANDARD OIL CO N J,100.00000
11850,19541029,STANDARD OIL CO N J,98.00000
11850,19541130,STANDARD OIL CO N J,106.00000
11850,19541231,STANDARD OIL CO N J,110.62500
11850,19550131,STANDARD OIL CO N J,117.25000
11850,19550228,STANDARD OIL CO N J,114.12500
11850,19550331,STANDARD OIL CO N J,112.62500
11850,19550429,STANDARD OIL CO N J,115.50000
11850,19550531,STANDARD OIL CO N J,112.25000
11850,19550630,STANDARD OIL CO N J,128.50000
11850,19550729,STANDARD OIL CO N J,140.50000
11850,19550831,STANDARD OIL CO N J,135.25000
11850,19550930,STANDARD OIL CO N J,133.50000
11850,19551031,STANDARD OIL CO N J,133.50000
11850,19551130,STANDARD OIL CO N J,148.12500
11850,19551230,STANDARD OIL CO N J,152.62500
11850,19560131,STANDARD OIL CO N J,152.75000
11850,19560229,STANDARD OIL CO N J,156.37500
11850,19560329,STANDARD OIL CO N J,60.00000
11850,19560430,STANDARD OIL CO N J,60.75000
11850,19560531,STANDARD OIL CO N J,56.75000
11850,19560629,STANDARD OIL CO N J,57.12500
11850,19560731,STANDARD OIL CO N J,60.00000
11850,19560831,STANDARD OIL CO N J,56.25000
11850,19560928,STANDARD OIL CO N J,53.62500
11850,19561031,STANDARD OIL CO N J,54.87500
11850,19561130,STANDARD OIL CO N J,56.37500
11850,19561231,STANDARD OIL CO N J,58.75000
11850,19570131,STANDARD OIL CO N J,57.75000
11850,19570228,STANDARD OIL CO N J,55.50000
11850,19570329,STANDARD OIL CO N J,57.12500
11850,19570430,STANDARD OIL CO N J,60.25000
11850,19570531,STANDARD OIL CO N J,64.62500
11850,19570628,STANDARD OIL CO N J,66.00000
11850,19570731,STANDARD OIL CO N J,67.00000
11850,19570830,STANDARD OIL CO N J,63.37500
11850,19570930,STANDARD OIL CO N J,56.37500
11850,19571031,STANDARD OIL CO N J,53.62500
11850,19571129,STANDARD OIL CO N J,51.50000
11850,19571231,STANDARD OIL CO N J,49.87500
11850,19580131,STANDARD OIL CO N J,50.87500
11850,19580228,STANDARD OIL CO N J,48.25000
11850,19580331,STANDARD OIL CO N J,51.50000
11850,19580430,STANDARD OIL CO N J,55.50000
11850,19580529,STANDARD OIL CO N J,53.37500
11850,19580630,STANDARD OIL CO N J,55.12500
11850,19580731,STANDARD OIL CO N J,54.25000
11850,19580829,STANDARD OIL CO N J,55.75000
11850,19580930,STANDARD OIL CO N J,58.25000
11850,19581031,STANDARD OIL CO N J,58.37500
11850,19581128,STANDARD OIL CO N J,58.87500
11850,19581231,STANDARD OIL CO N J,57.62500
11850,19590130,STANDARD OIL CO N J,55.87500
11850,19590227,STANDARD OIL CO N J,51.00000
11850,19590331,STANDARD OIL CO N J,51.12500
11850,19590430,STANDARD OIL CO N J,52.75000
11850,19590529,STANDARD OIL CO N J,51.62500
11850,19590630,STANDARD OIL CO N J,51.62500
11850,19590731,STANDARD OIL CO N J,54.12500
11850,19590831,STANDARD OIL CO N J,51.50000
11850,19590930,STANDARD OIL CO N J,48.50000
11850,19591030,STANDARD OIL CO N J,49.12500
11850,19591130,STANDARD OIL CO N J,47.37500
11850,19591231,STANDARD OIL CO N J,49.62500
11850,19600129,STANDARD OIL CO N J,47.00000
11850,19600229,STANDARD OIL CO N J,45.00000
11850,19600331,STANDARD OIL CO N J,44.00000
11850,19600429,STANDARD OIL CO N J,41.50000
11850,19600531,STANDARD OIL CO N J,40.50000
11850,19600630,STANDARD OIL CO N J,40.50000
11850,19600729,STANDARD OIL CO N J,40.75000
11850,19600831,STANDARD OIL CO N J,40.75000
11850,19600930,STANDARD OIL CO N J,40.75000
11850,19601031,STANDARD OIL CO N J,39.75000
11850,19601130,STANDARD OIL CO N J,38.37500
11850,19601230,STANDARD OIL CO N J,41.25000
11850,19610131,STANDARD OIL CO N J,46.12500
11850,19610228,STANDARD OIL CO N J,44.00000
11850,19610330,STANDARD OIL CO N J,45.62500
11850,19610428,STANDARD OIL CO N J,47.25000
11850,19610531,STANDARD OIL CO N J,46.37500
11850,19610630,STANDARD OIL CO N J,44.00000
11850,19610731,STANDARD OIL CO N J,45.12500
11850,19610831,STANDARD OIL CO N J,44.37500
11850,19610929,STANDARD OIL CO N J,43.12500
11850,19611031,STANDARD OIL CO N J,46.50000
11850,19611130,STANDARD OIL CO N J,48.37500
11850,19611229,STANDARD OIL CO N J,50.75000
11850,19620131,STANDARD OIL CO N J,53.00000
11850,19620228,STANDARD OIL CO N J,55.37500
11850,19620330,STANDARD OIL CO N J,54.62500
11850,19620430,STANDARD OIL CO N J,53.50000
11850,19620531,STANDARD OIL CO N J,52.00000
11850,19620629,STANDARD OIL CO N J,50.00000
11850,19620731,STANDARD OIL CO N J,52.37500
11850,19620831,STANDARD OIL CO N J,52.00000
11850,19620928,STANDARD OIL CO N J,51.50000
11850,19621031,STANDARD OIL CO N J,51.75000
11850,19621130,STANDARD OIL CO N J,56.37500
11850,19621231,STANDARD OIL CO N J,59.50000
11850,19630131,STANDARD OIL CO N J,59.87500
11850,19630228,STANDARD OIL CO N J,59.62500
11850,19630329,STANDARD OIL CO N J,63.25000
11850,19630430,STANDARD OIL CO N J,67.62500
11850,19630531,STANDARD OIL CO N J,67.75000
11850,19630628,STANDARD OIL CO N J,68.37500
11850,19630731,STANDARD OIL CO N J,70.12500
11850,19630830,STANDARD OIL CO N J,71.50000
11850,19630930,STANDARD OIL CO N J,68.50000
11850,19631031,STANDARD OIL CO N J,71.00000
11850,19631129,STANDARD OIL CO N J,71.00000
11850,19631231,STANDARD OIL CO N J,76.00000
11850,19640131,STANDARD OIL CO N J,82.25000
11850,19640228,STANDARD OIL CO N J,82.12500
11850,19640331,STANDARD OIL CO N J,84.00000
11850,19640430,STANDARD OIL CO N J,86.00000
11850,19640528,STANDARD OIL CO N J,87.12500
11850,19640630,STANDARD OIL CO N J,87.00000
11850,19640731,STANDARD OIL CO N J,88.50000
11850,19640831,STANDARD OIL CO N J,85.00000
11850,19640930,STANDARD OIL CO N J,86.25000
11850,19641030,STANDARD OIL CO N J,89.25000
11850,19641130,STANDARD OIL CO N J,89.50000
11850,19641231,STANDARD OIL CO N J,90.12500
11850,19650129,STANDARD OIL CO N J,87.37500
11850,19650226,STANDARD OIL CO N J,81.87500
11850,19650331,STANDARD OIL CO N J,78.50000
11850,19650430,STANDARD OIL CO N J,78.87500
11850,19650528,STANDARD OIL CO N J,77.87500
11850,19650630,STANDARD OIL CO N J,78.25000
11850,19650730,STANDARD OIL CO N J,76.25000
11850,19650831,STANDARD OIL CO N J,73.87500
11850,19650930,STANDARD OIL CO N J,78.50000
11850,19651029,STANDARD OIL CO N J,80.50000
11850,19651130,STANDARD OIL CO N J,79.87500
11850,19651231,STANDARD OIL CO N J,80.37500
11850,19660131,STANDARD OIL CO N J,80.62500
11850,19660228,STANDARD OIL CO N J,76.62500
11850,19660331,STANDARD OIL CO N J,73.75000
11850,19660429,STANDARD OIL CO N J,77.37500
11850,19660531,STANDARD OIL CO N J,72.12500
11850,19660630,STANDARD OIL CO N J,68.75000
11850,19660729,STANDARD OIL CO N J,69.25000
11850,19660831,STANDARD OIL CO N J,64.00000
11850,19660930,STANDARD OIL CO N J,63.37500
11850,19661031,STANDARD OIL CO N J,69.87500
11850,19661130,STANDARD OIL CO N J,64.25000
11850,19661230,STANDARD OIL CO N J,63.25000
11850,19670131,STANDARD OIL CO N J,62.75000
11850,19670228,STANDARD OIL CO N J,60.50000
11850,19670331,STANDARD OIL CO N J,64.00000
11850,19670428,STANDARD OIL CO N J,63.12500
11850,19670531,STANDARD OIL CO N J,61.12500
11850,19670630,STANDARD OIL CO N J,61.00000
11850,19670731,STANDARD OIL CO N J,64.37500
11850,19670831,STANDARD OIL CO N J,62.25000
11850,19670929,STANDARD OIL CO N J,67.00000
11850,19671031,STANDARD OIL CO N J,68.00000
11850,19671130,STANDARD OIL CO N J,66.50000
11850,19671229,STANDARD OIL CO N J,67.50000
11850,19680131,STANDARD OIL CO N J,69.25000
11850,19680229,STANDARD OIL CO N J,67.75000
11850,19680329,STANDARD OIL CO N J,69.87500
11850,19680430,STANDARD OIL CO N J,71.62500
11850,19680531,STANDARD OIL CO N J,67.37500
11850,19680628,STANDARD OIL CO N J,68.00000
11850,19680730,STANDARD OIL CO N J,78.25000
11850,19680830,STANDARD OIL CO N J,78.87500
11850,19680930,STANDARD OIL CO N J,77.75000
11850,19681031,STANDARD OIL CO N J,81.00000
11850,19681129,STANDARD OIL CO N J,84.75000
11850,19681231,STANDARD OIL CO N J,78.62500
11850,19690131,STANDARD OIL CO N J,79.87500
11850,19690228,STANDARD OIL CO N J,77.87500
11850,19690328,STANDARD OIL CO N J,82.12500
11850,19690430,STANDARD OIL CO N J,81.00000
11850,19690529,STANDARD OIL CO N J,83.75000
11850,19690630,STANDARD OIL CO N J,77.62500
11850,19690731,STANDARD OIL CO N J,69.75000
11850,19690829,STANDARD OIL CO N J,72.87500
11850,19690930,STANDARD OIL CO N J,68.87500
11850,19691031,STANDARD OIL CO N J,66.75000
11850,19691128,STANDARD OIL CO N J,62.12500
11850,19691231,STANDARD OIL CO N J,61.75000
11850,19700130,STANDARD OIL CO N J,56.37500
11850,19700227,STANDARD OIL CO N J,54.00000
11850,19700331,STANDARD OIL CO N J,57.25000
11850,19700430,STANDARD OIL CO N J,53.62500
11850,19700529,STANDARD OIL CO N J,56.75000
11850,19700630,STANDARD OIL CO N J,54.75000
11850,19700731,STANDARD OIL CO N J,62.00000
11850,19700831,STANDARD OIL CO N J,65.87500
11850,19700930,STANDARD OIL CO N J,67.00000
11850,19701030,STANDARD OIL CO N J,69.50000
11850,19701130,STANDARD OIL CO N J,72.37500
11850,19701231,STANDARD OIL CO N J,73.37500
11850,19710129,STANDARD OIL CO N J,70.62500
11850,19710226,STANDARD OIL CO N J,75.12500
11850,19710331,STANDARD OIL CO N J,79.75000
11850,19710430,STANDARD OIL CO N J,79.62500
11850,19710528,STANDARD OIL CO N J,75.87500
11850,19710630,STANDARD OIL CO N J,75.37500
11850,19710730,STANDARD OIL CO N J,76.50000
11850,19710831,STANDARD OIL CO N J,70.87500
11850,19710930,STANDARD OIL CO N J,72.00000
11850,19711029,STANDARD OIL CO N J,70.00000
11850,19711130,STANDARD OIL CO N J,68.87500
11850,19711231,STANDARD OIL CO N J,73.75000
11850,19720131,STANDARD OIL CO N J,75.25000
11850,19720229,STANDARD OIL CO N J,75.50000
11850,19720330,STANDARD OIL CO N J,70.25000
11850,19720428,STANDARD OIL CO N J,69.75000
11850,19720531,STANDARD OIL CO N J,75.12500
11850,19720630,STANDARD OIL CO N J,74.12500
11850,19720731,STANDARD OIL CO N J,75.87500
11850,19720831,STANDARD OIL CO N J,81.12500
11850,19720929,STANDARD OIL CO N J,81.12500
11850,19721031,STANDARD OIL CO N J,83.50000
11850,19721130,EXXON CORP,87.25000
11850,19721229,EXXON CORP,87.50000
11850,19730131,EXXON CORP,94.75000
11850,19730228,EXXON CORP,89.37500
11850,19730330,EXXON CORP,94.37500
11850,19730430,EXXON CORP,96.25000
11850,19730531,EXXON CORP,93.87500
11850,19730629,EXXON CORP,98.50000
11850,19730731,EXXON CORP,95.75000
11850,19730831,EXXON CORP,88.87500
11850,19730928,EXXON CORP,92.87500
11850,19731031,EXXON CORP,94.50000
11850,19731130,EXXON CORP,89.75000
11850,19731231,EXXON CORP,94.12500
11850,19740131,EXXON CORP,86.50000
11850,19740228,EXXON CORP,83.62500
11850,19740329,EXXON CORP,81.37500
11850,19740430,EXXON CORP,77.25000
11850,19740531,EXXON CORP,72.50000
11850,19740628,EXXON CORP,70.12500
11850,19740731,EXXON CORP,74.87500
11850,19740830,EXXON CORP,67.25000
11850,19740930,EXXON CORP,58.75000
11850,19741031,EXXON CORP,68.50000
11850,19741129,EXXON CORP,62.75000
11850,19741231,EXXON CORP,64.62500
11850,19750131,EXXON CORP,73.12500
11850,19750228,EXXON CORP,77.37500
11850,19750331,EXXON CORP,74.00000
11850,19750430,EXXON CORP,81.00000
11850,19750530,EXXON CORP,87.62500
11850,19750630,EXXON CORP,92.50000
11850,19750731,EXXON CORP,87.00000
11850,19750829,EXXON CORP,86.75000
11850,19750930,EXXON CORP,87.50000
11850,19751031,EXXON CORP,89.12500
11850,19751128,EXXON CORP,86.00000
11850,19751231,EXXON CORP,88.75000
11850,19760130,EXXON CORP,91.00000
11850,19760227,EXXON CORP,87.12500
11850,19760331,EXXON CORP,93.87500
11850,19760430,EXXON CORP,94.25000
11850,19760528,EXXON CORP,100.87500
11850,19760630,EXXON CORP,104.62500
11850,19760730,EXXON CORP,53.12500
11850,19760831,EXXON CORP,52.87500
11850,19760930,EXXON CORP,55.50000
11850,19761029,EXXON CORP,52.50000
11850,19761130,EXXON CORP,51.12500
11850,19761231,EXXON CORP,53.62500
11850,19770131,EXXON CORP,53.50000
11850,19770228,EXXON CORP,50.87500
11850,19770331,EXXON CORP,50.75000
11850,19770429,EXXON CORP,51.62500
11850,19770531,EXXON CORP,51.12500
11850,19770630,EXXON CORP,53.50000
11850,19770729,EXXON CORP,51.62500
11850,19770831,EXXON CORP,48.50000
11850,19770930,EXXON CORP,48.25000
11850,19771031,EXXON CORP,47.12500
11850,19771130,EXXON CORP,46.50000
11850,19771230,EXXON CORP,48.12500
11850,19780131,EXXON CORP,45.75000
11850,19780228,EXXON CORP,44.00000
11850,19780331,EXXON CORP,44.62500
11850,19780428,EXXON CORP,47.12500
11850,19780531,EXXON CORP,46.75000
11850,19780630,EXXON CORP,43.87500
11850,19780731,EXXON CORP,46.50000
11850,19780831,EXXON CORP,49.37500
11850,19780929,EXXON CORP,51.87500
11850,19781031,EXXON CORP,48.00000
11850,19781130,EXXON CORP,49.12500
11850,19781229,EXXON CORP,49.12500
11850,19790131,EXXON CORP,51.12500
11850,19790228,EXXON CORP,49.25000
11850,19790330,EXXON CORP,52.75000
11850,19790430,EXXON CORP,53.12500
11850,19790531,EXXON CORP,49.75000
11850,19790629,EXXON CORP,53.87500
11850,19790731,EXXON CORP,54.75000
11850,19790831,EXXON CORP,56.12500
11850,19790928,EXXON CORP,59.00000
11850,19791031,EXXON CORP,57.50000
11850,19791130,EXXON CORP,58.00000
11850,19791231,EXXON CORP,55.12500
11850,19800131,EXXON CORP,60.87500
11850,19800229,EXXON CORP,65.37500
11850,19800331,EXXON CORP,57.87500
11850,19800430,EXXON CORP,60.75000
11850,19800530,EXXON CORP,64.00000
11850,19800630,EXXON CORP,66.25000
11850,19800731,EXXON CORP,69.62500
11850,19800829,EXXON CORP,70.00000
11850,19800930,EXXON CORP,69.75000
11850,19801031,EXXON CORP,76.12500
11850,19801128,EXXON CORP,87.87500
11850,19801231,EXXON CORP,80.62500
11850,19810130,EXXON CORP,77.75000
11850,19810227,EXXON CORP,72.00000
11850,19810331,EXXON CORP,68.62500
11850,19810430,EXXON CORP,68.50000
11850,19810529,EXXON CORP,64.75000
11850,19810630,EXXON CORP,34.25000
11850,19810731,EXXON CORP,35.00000
11850,19810831,EXXON CORP,32.50000
11850,19810930,EXXON CORP,31.12500
11850,19811030,EXXON CORP,30.37500
11850,19811130,EXXON CORP,32.75000
11850,19811231,EXXON CORP,31.25000
11850,19820129,EXXON CORP,30.62500
11850,19820226,EXXON CORP,28.75000
11850,19820331,EXXON CORP,28.12500
11850,19820430,EXXON CORP,28.25000
11850,19820528,EXXON CORP,28.00000
11850,19820630,EXXON CORP,27.75000
11850,19820730,EXXON CORP,26.00000
11850,19820831,EXXON CORP,28.50000
11850,19820930,EXXON CORP,28.00000
11850,19821029,EXXON CORP,29.62500
11850,19821130,EXXON CORP,28.00000
11850,19821231,EXXON CORP,29.75000
11850,19830131,EXXON CORP,30.12500
11850,19830228,EXXON CORP,29.25000
11850,19830331,EXXON CORP,30.87500
11850,19830429,EXXON CORP,35.37500
11850,19830531,EXXON CORP,33.75000
11850,19830630,EXXON CORP,33.75000
11850,19830729,EXXON CORP,35.87500
11850,19830831,EXXON CORP,38.00000
11850,19830930,EXXON CORP,36.50000
11850,19831031,EXXON CORP,38.25000
11850,19831130,EXXON CORP,37.75000
11850,19831230,EXXON CORP,37.37500
11850,19840131,EXXON CORP,39.75000
11850,19840229,EXXON CORP,38.50000
11850,19840330,EXXON CORP,38.62500
11850,19840430,EXXON CORP,42.62500
11850,19840531,EXXON CORP,39.87500
11850,19840629,EXXON CORP,40.75000
11850,19840731,EXXON CORP,38.37500
11850,19840831,EXXON CORP,43.00000
11850,19840928,EXXON CORP,44.75000
11850,19841031,EXXON CORP,43.75000
11850,19841130,EXXON CORP,43.25000
11850,19841231,EXXON CORP,45.00000
11850,19850131,EXXON CORP,48.00000
11850,19850228,EXXON CORP,47.50000
11850,19850329,EXXON CORP,50.25000
11850,19850430,EXXON CORP,51.50000
11850,19850531,EXXON CORP,54.00000
11850,19850628,EXXON CORP,53.87500
11850,19850731,EXXON CORP,52.50000
11850,19850830,EXXON CORP,52.75000
11850,19850930,EXXON CORP,51.87500
11850,19851031,EXXON CORP,55.00000
11850,19851129,EXXON CORP,53.37500
11850,19851231,EXXON CORP,55.12500
11850,19860131,EXXON CORP,51.75000
11850,19860228,EXXON CORP,52.25000
11850,19860331,EXXON CORP,55.75000
11850,19860430,EXXON CORP,56.62500
11850,19860530,EXXON CORP,59.87500
11850,19860630,EXXON CORP,60.87500
11850,19860731,EXXON CORP,60.75000
11850,19860829,EXXON CORP,68.87500
11850,19860930,EXXON CORP,67.25000
11850,19861031,EXXON CORP,68.00000
11850,19861128,EXXON CORP,69.25000
11850,19861231,EXXON CORP,70.12500
11850,19870130,EXXON CORP,82.75000
11850,19870227,EXXON CORP,78.37500
11850,19870331,EXXON CORP,85.75000
11850,19870430,EXXON CORP,86.62500
11850,19870529,EXXON CORP,87.00000
11850,19870630,EXXON CORP,93.25000
11850,19870731,EXXON CORP,94.12500
11850,19870831,EXXON CORP,99.62500
11850,19870930,EXXON CORP,48.62500
11850,19871030,EXXON CORP,42.62500
11850,19871130,EXXON CORP,36.75000
11850,19871231,EXXON CORP,38.12500
11850,19880129,EXXON CORP,42.00000
11850,19880229,EXXON CORP,42.62500
11850,19880331,EXXON CORP,42.00000
11850,19880429,EXXON CORP,44.87500
11850,19880531,EXXON CORP,45.00000
11850,19880630,EXXON CORP,45.37500
11850,19880729,EXXON CORP,47.37500
11850,19880831,EXXON CORP,46.50000
11850,19880930,EXXON CORP,44.75000
11850,19881031,EXXON CORP,44.75000
11850,19881130,EXXON CORP,43.25000
11850,19881230,EXXON CORP,44.00000
11850,19890131,EXXON CORP,46.37500
11850,19890228,EXXON CORP,43.87500
11850,19890331,EXXON CORP,43.87500
11850,19890428,EXXON CORP,43.12500
11850,19890531,EXXON CORP,43.12500
11850,19890630,EXXON CORP,44.00000
11850,19890731,EXXON CORP,45.75000
11850,19890831,EXXON CORP,43.75000
11850,19890929,EXXON CORP,44.75000
11850,19891031,EXXON CORP,46.00000
11850,19891130,EXXON CORP,47.25000
11850,19891229,EXXON CORP,50.00000
11850,19900131,EXXON CORP,47.00000
11850,19900228,EXXON CORP,47.00000
11850,19900330,EXXON CORP,46.12500
11850,19900430,EXXON CORP,45.25000
11850,19900531,EXXON CORP,48.00000
11850,19900629,EXXON CORP,47.87500
11850,19900731,EXXON CORP,51.87500
11850,19900831,EXXON CORP,50.00000
11850,19900928,EXXON CORP,49.00000
11850,19901031,EXXON CORP,49.00000
11850,19901130,EXXON CORP,50.62500
11850,19901231,EXXON CORP,51.75000
11850,19910131,EXXON CORP,51.62500
11850,19910228,EXXON CORP,55.12500
11850,19910328,EXXON CORP,58.50000
11850,19910430,EXXON CORP,59.50000
11850,19910531,EXXON CORP,58.25000
11850,19910628,EXXON CORP,58.12500
11850,19910731,EXXON CORP,59.37500
11850,19910830,EXXON CORP,58.25000
11850,19910930,EXXON CORP,59.50000
11850,19911031,EXXON CORP,61.00000
11850,19911129,EXXON CORP,58.62500
11850,19911231,EXXON CORP,60.87500
11850,19920131,EXXON CORP,58.25000
11850,19920228,EXXON CORP,57.12500
11850,19920331,EXXON CORP,54.75000
11850,19920430,EXXON CORP,60.00000
11850,19920529,EXXON CORP,60.62500
11850,19920630,EXXON CORP,61.87500
11850,19920731,EXXON CORP,63.50000
11850,19920831,EXXON CORP,64.25000
11850,19920930,EXXON CORP,63.87500
11850,19921030,EXXON CORP,61.25000
11850,19921130,EXXON CORP,59.50000
11850,19921231,EXXON CORP,61.12500
11850,19930129,EXXON CORP,61.12500
11850,19930226,EXXON CORP,63.62500
11850,19930331,EXXON CORP,66.12500
11850,19930430,EXXON CORP,66.00000
11850,19930528,EXXON CORP,65.50000
11850,19930630,EXXON CORP,66.12500
11850,19930730,EXXON CORP,65.62500
11850,19930831,EXXON CORP,65.37500
11850,19930930,EXXON CORP,65.50000
11850,19931029,EXXON CORP,65.37500
11850,19931130,EXXON CORP,62.75000
11850,19931231,EXXON CORP,63.12500
11850,19940131,EXXON CORP,66.50000
11850,19940228,EXXON CORP,64.87500
11850,19940331,EXXON CORP,62.87500
11850,19940429,EXXON CORP,62.87500
11850,19940531,EXXON CORP,61.12500
11850,19940630,EXXON CORP,56.75000
11850,19940729,EXXON CORP,59.50000
11850,19940831,EXXON CORP,59.50000
11850,19940930,EXXON CORP,57.50000
11850,19941031,EXXON CORP,62.87500
11850,19941130,EXXON CORP,60.37500
11850,19941230,EXXON CORP,60.75000
11850,19950131,EXXON CORP,62.50000
11850,19950228,EXXON CORP,63.87500
11850,19950331,EXXON CORP,66.62500
11850,19950428,EXXON CORP,69.50000
11850,19950531,EXXON CORP,71.37500
11850,19950630,EXXON CORP,70.62500
11850,19950731,EXXON CORP,72.50000
11850,19950831,EXXON CORP,68.75000
11850,19950929,EXXON CORP,72.25000
11850,19951031,EXXON CORP,76.37500
11850,19951130,EXXON CORP,77.37500
11850,19951229,EXXON CORP,81.12500
11850,19960131,EXXON CORP,80.25000
11850,19960229,EXXON CORP,79.50000
11850,19960329,EXXON CORP,81.50000
11850,19960430,EXXON CORP,85.00000
11850,19960531,EXXON CORP,84.75000
11850,19960628,EXXON CORP,86.87500
11850,19960731,EXXON CORP,82.25000
11850,19960830,EXXON CORP,81.50000
11850,19960930,EXXON CORP,83.25000
11850,19961031,EXXON CORP,88.62500
11850,19961129,EXXON CORP,94.37500
11850,19961231,EXXON CORP,98.00000
11850,19970131,EXXON CORP,103.62500
11850,19970228,EXXON CORP,100.25000
11850,19970331,EXXON CORP,107.75000
11850,19970430,EXXON CORP,56.62500
11850,19970530,EXXON CORP,59.25000
11850,19970630,EXXON CORP,61.25000
11850,19970731,EXXON CORP,64.25000
11850,19970829,EXXON CORP,61.18750
11850,19970930,EXXON CORP,64.06250
11850,19971031,EXXON CORP,61.43750
11850,19971128,EXXON CORP,61.00000
11850,19971231,EXXON CORP,61.18750
11850,19980130,EXXON CORP,59.31250
11850,19980227,EXXON CORP,63.75000
11850,19980331,EXXON CORP,67.62500
11850,19980430,EXXON CORP,73.06250
11850,19980529,EXXON CORP,70.50000
11850,19980630,EXXON CORP,71.37500
11850,19980731,EXXON CORP,70.25000
11850,19980831,EXXON CORP,65.43750
11850,19980930,EXXON CORP,70.62500
11850,19981030,EXXON CORP,71.62500
11850,19981130,EXXON CORP,75.00000
11850,19981231,EXXON CORP,73.12500
11850,19990129,EXXON CORP,70.25000
11850,19990226,EXXON CORP,66.56250
11850,19990331,EXXON CORP,70.56250
11850,19990430,EXXON CORP,83.06250
11850,19990528,EXXON CORP,79.87500
11850,19990630,EXXON CORP,77.12500
11850,19990730,EXXON CORP,79.37500
11850,19990831,EXXON CORP,78.87500
11850,19990930,EXXON CORP,76.00000
11850,19991029,EXXON CORP,74.06250
11850,19991130,EXXON CORP,79.31250
11850,19991231,EXXON MOBIL CORP,80.56250
11850,20000131,EXXON MOBIL CORP,83.43750
11850,20000229,EXXON MOBIL CORP,75.31250
11850,20000331,EXXON MOBIL CORP,77.93750
11850,20000428,EXXON MOBIL CORP,77.68750
11850,20000531,EXXON MOBIL CORP,83.31250
11850,20000630,EXXON MOBIL CORP,78.50000
11850,20000731,EXXON MOBIL CORP,80.00000
11850,20000831,EXXON MOBIL CORP,81.62500
11850,20000929,EXXON MOBIL CORP,89.12500
11850,20001031,EXXON MOBIL CORP,89.18750
11850,20001130,EXXON MOBIL CORP,88.00000
11850,20001229,EXXON MOBIL CORP,86.93750
11850,20010131,EXXON MOBIL CORP,84.15000
11850,20010228,EXXON MOBIL CORP,81.05000
11850,20010330,EXXON MOBIL CORP,81.00000
11850,20010430,EXXON MOBIL CORP,88.60000
11850,20010531,EXXON MOBIL CORP,88.75000
11850,20010629,EXXON MOBIL CORP,87.35000
11850,20010731,EXXON MOBIL CORP,41.76000
11850,20010831,EXXON MOBIL CORP,40.15000
11850,20010928,EXXON MOBIL CORP,39.40000
11850,20011031,EXXON MOBIL CORP,39.45000
11850,20011130,EXXON MOBIL CORP,37.40000
11850,20011231,EXXON MOBIL CORP,39.30000
11850,20020131,EXXON MOBIL CORP,39.05000
11850,20020228,EXXON MOBIL CORP,41.30000
11850,20020328,EXXON MOBIL CORP,43.83000
11850,20020430,EXXON MOBIL CORP,40.17000
11850,20020531,EXXON MOBIL CORP,39.93000
11850,20020628,EXXON MOBIL CORP,40.92000
11850,20020731,EXXON MOBIL CORP,36.76000
11850,20020830,EXXON MOBIL CORP,35.45000
11850,20020930,EXXON MOBIL CORP,31.90000
11850,20021031,EXXON MOBIL CORP,33.66000
11850,20021129,EXXON MOBIL CORP,34.80000
11850,20021231,EXXON MOBIL CORP,34.94000
11850,20030131,EXXON MOBIL CORP,34.15000
11850,20030228,EXXON MOBIL CORP,34.02000
11850,20030331,EXXON MOBIL CORP,34.95000
11850,20030430,EXXON MOBIL CORP,35.20000
11850,20030530,EXXON MOBIL CORP,36.40000
11850,20030630,EXXON MOBIL CORP,35.91000
11850,20030731,EXXON MOBIL CORP,35.58000
11850,20030829,EXXON MOBIL CORP,37.70000
11850,20030930,EXXON MOBIL CORP,36.60000
11850,20031031,EXXON MOBIL CORP,36.58000
11850,20031128,EXXON MOBIL CORP,36.20000
11850,20031231,EXXON MOBIL CORP,41.00000
11850,20040130,EXXON MOBIL CORP,40.79000
11850,20040227,EXXON MOBIL CORP,42.17000
11850,20040331,EXXON MOBIL CORP,41.59000
11850,20040430,EXXON MOBIL CORP,42.55000
11850,20040528,EXXON MOBIL CORP,43.25000
11850,20040630,EXXON MOBIL CORP,44.41000
11850,20040730,EXXON MOBIL CORP,46.30000
11850,20040831,EXXON MOBIL CORP,46.10000
11850,20040930,EXXON MOBIL CORP,48.33000
11850,20041029,EXXON MOBIL CORP,49.22000
11850,20041130,EXXON MOBIL CORP,51.25000
11850,20041231,EXXON MOBIL CORP,51.26000
11850,20050131,EXXON MOBIL CORP,51.60000
11850,20050228,EXXON MOBIL CORP,63.31000
11850,20050331,EXXON MOBIL CORP,59.60000
11850,20050429,EXXON MOBIL CORP,57.03000
11850,20050531,EXXON MOBIL CORP,56.20000
11850,20050630,EXXON MOBIL CORP,57.47000
11850,20050729,EXXON MOBIL CORP,58.75000
11850,20050831,EXXON MOBIL CORP,59.90000
11850,20050930,EXXON MOBIL CORP,63.54000
11850,20051031,EXXON MOBIL CORP,56.14000
11850,20051130,EXXON MOBIL CORP,58.03000
11850,20051230,EXXON MOBIL CORP,56.17000
11850,20060131,EXXON MOBIL CORP,62.75000
11850,20060228,EXXON MOBIL CORP,59.37000
11850,20060331,EXXON MOBIL CORP,60.86000
11850,20060428,EXXON MOBIL CORP,63.08000
11850,20060531,EXXON MOBIL CORP,60.91000
11850,20060630,EXXON MOBIL CORP,61.35000
11850,20060731,EXXON MOBIL CORP,67.74000
11850,20060831,EXXON MOBIL CORP,67.67000
11850,20060929,EXXON MOBIL CORP,67.10000
11850,20061031,EXXON MOBIL CORP,71.42000
11850,20061130,EXXON MOBIL CORP,76.81000
11850,20061229,EXXON MOBIL CORP,76.63000
11850,20070131,EXXON MOBIL CORP,74.10000
11850,20070228,EXXON MOBIL CORP,71.68000
11850,20070330,EXXON MOBIL CORP,75.45000
11850,20070430,EXXON MOBIL CORP,79.38000
11850,20070531,EXXON MOBIL CORP,83.17000
11850,20070629,EXXON MOBIL CORP,83.88000
11850,20070731,EXXON MOBIL CORP,85.13000
11850,20070831,EXXON MOBIL CORP,85.73000
11850,20070928,EXXON MOBIL CORP,92.56000
11850,20071031,EXXON MOBIL CORP,91.99000
11850,20071130,EXXON MOBIL CORP,89.16000
11850,20071231,EXXON MOBIL CORP,93.69000
11850,20080131,EXXON MOBIL CORP,86.40000
11850,20080229,EXXON MOBIL CORP,87.01000
11850,20080331,EXXON MOBIL CORP,84.58000
11850,20080430,EXXON MOBIL CORP,93.07000
11850,20080530,EXXON MOBIL CORP,88.76000
11850,20080630,EXXON MOBIL CORP,88.13000
11850,20080731,EXXON MOBIL CORP,80.43000
11850,20080829,EXXON MOBIL CORP,80.01000
11850,20080930,EXXON MOBIL CORP,77.66000
11850,20081031,EXXON MOBIL CORP,74.12000
11850,20081128,EXXON MOBIL CORP,80.15000
11850,20081231,EXXON MOBIL CORP,79.83000
11850,20090130,EXXON MOBIL CORP,76.48000
11850,20090227,EXXON MOBIL CORP,67.90000
11850,20090331,EXXON MOBIL CORP,68.10000
11850,20090430,EXXON MOBIL CORP,66.67000
11850,20090529,EXXON MOBIL CORP,69.35000
11850,20090630,EXXON MOBIL CORP,69.91000
11850,20090731,EXXON MOBIL CORP,70.39000
11850,20090831,EXXON MOBIL CORP,69.15000
11850,20090930,EXXON MOBIL CORP,68.61000
11850,20091030,EXXON MOBIL CORP,71.67000
11850,20091130,EXXON MOBIL CORP,75.07000
11850,20091231,EXXON MOBIL CORP,68.19000
11850,20100129,EXXON MOBIL CORP,64.43000
11850,20100226,EXXON MOBIL CORP,65.00000
11850,20100331,EXXON MOBIL CORP,66.98000
11850,20100430,EXXON MOBIL CORP,67.77000
11850,20100528,EXXON MOBIL CORP,60.46000
11850,20100630,EXXON MOBIL CORP,57.07000
11850,20100730,EXXON MOBIL CORP,59.68000
11850,20100831,EXXON MOBIL CORP,59.11000
11850,20100930,EXXON MOBIL CORP,61.79000
11850,20101029,EXXON MOBIL CORP,66.49000
11850,20101130,EXXON MOBIL CORP,69.56000
11850,20101231,EXXON MOBIL CORP,73.12000
11850,20110131,EXXON MOBIL CORP,80.68000
11850,20110228,EXXON MOBIL CORP,85.53000
11850,20110331,EXXON MOBIL CORP,84.13000
11850,20110429,EXXON MOBIL CORP,87.98000
11850,20110531,EXXON MOBIL CORP,83.47000
11850,20110630,EXXON MOBIL CORP,81.38000
11850,20110729,EXXON MOBIL CORP,79.79000
11850,20110831,EXXON MOBIL CORP,74.02000
11850,20110930,EXXON MOBIL CORP,72.63000
11850,20111031,EXXON MOBIL CORP,78.09000
11850,20111130,EXXON MOBIL CORP,80.44000
11850,20111230,EXXON MOBIL CORP,84.76000
11850,20120131,EXXON MOBIL CORP,83.74000
11850,20120229,EXXON MOBIL CORP,86.50000
11850,20120330,EXXON MOBIL CORP,86.73000
11850,20120430,EXXON MOBIL CORP,86.34000
11850,20120531,EXXON MOBIL CORP,78.63000
11850,20120629,EXXON MOBIL CORP,85.57000
11850,20120731,EXXON MOBIL CORP,86.85000
11850,20120831,EXXON MOBIL CORP,87.30000
11850,20120928,EXXON MOBIL CORP,91.45000
11850,20121031,EXXON MOBIL CORP,91.17000
11850,20121130,EXXON MOBIL CORP,88.14000
11850,20121231,EXXON MOBIL CORP,86.55000
11850,20130131,EXXON MOBIL CORP,89.97000
11850,20130228,EXXON MOBIL CORP,89.55000
11850,20130328,EXXON MOBIL CORP,90.11000
11850,20130430,EXXON MOBIL CORP,88.99000
11850,20130531,EXXON MOBIL CORP,90.47000
11850,20130628,EXXON MOBIL CORP,90.35000
11850,20130731,EXXON MOBIL CORP,93.75000
11850,20130830,EXXON MOBIL CORP,87.16000
11850,20130930,EXXON MOBIL CORP,86.04000
11850,20131031,EXXON MOBIL CORP,89.62000
11850,20131129,EXXON MOBIL CORP,93.48000
11850,20131231,EXXON MOBIL CORP,101.20000
11850,20140131,EXXON MOBIL CORP,92.16000
11850,20140228,EXXON MOBIL CORP,96.27000
11850,20140331,EXXON MOBIL CORP,97.68000
11850,20140430,EXXON MOBIL CORP,102.41000
11850,20140530,EXXON MOBIL CORP,100.53000
11850,20140630,EXXON MOBIL CORP,100.68000
11850,20140731,EXXON MOBIL CORP,98.94000
11850,20140829,EXXON MOBIL CORP,99.46000
11850,20140930,EXXON MOBIL CORP,94.05000
11850,20141031,EXXON MOBIL CORP,96.71000
11850,20141128,EXXON MOBIL CORP,90.54000
11850,20141231,EXXON MOBIL CORP,92.45000
11850,20150130,EXXON MOBIL CORP,87.42000
11850,20150227,EXXON MOBIL CORP,88.54000
11850,20150331,EXXON MOBIL CORP,85.00000
11850,20150430,EXXON MOBIL CORP,87.37000
11850,20150529,EXXON MOBIL CORP,85.20000
11850,20150630,EXXON MOBIL CORP,83.20000
11850,20150731,EXXON MOBIL CORP,79.21000
11850,20150831,EXXON MOBIL CORP,75.24000
11850,20150930,EXXON MOBIL CORP,74.35000
11850,20151030,EXXON MOBIL CORP,82.74000
11850,20151130,EXXON MOBIL CORP,81.66000
11850,20151231,EXXON MOBIL CORP,77.95000
11850,20160129,EXXON MOBIL CORP,77.85000
11850,20160229,EXXON MOBIL CORP,80.15000
11850,20160331,EXXON MOBIL CORP,83.59000
11850,20160429,EXXON MOBIL CORP,88.40000
11850,20160531,EXXON MOBIL CORP,89.02000
11850,20160630,EXXON MOBIL CORP,93.74000
11850,20160729,EXXON MOBIL CORP,88.95000
11850,20160831,EXXON MOBIL CORP,87.14000
11850,20160930,EXXON MOBIL CORP,87.28000
11850,20161031,EXXON MOBIL CORP,83.32000
11850,20161130,EXXON MOBIL CORP,87.30000
11850,20161230,EXXON MOBIL CORP,90.26000
11850,20170131,EXXON MOBIL CORP,83.89000
11850,20170228,EXXON MOBIL CORP,81.32000
11850,20170331,EXXON MOBIL CORP,82.01000
11850,20170428,EXXON MOBIL CORP,81.65000
11850,20170531,EXXON MOBIL CORP,80.50000
11850,20170630,EXXON MOBIL CORP,80.73000
11850,20170731,EXXON MOBIL CORP,80.04000
11850,20170831,EXXON MOBIL CORP,76.33000
11850,20170929,EXXON MOBIL CORP,81.98000
11850,20171031,EXXON MOBIL CORP,83.35000
11850,20171130,EXXON MOBIL CORP,83.29000
11850,20171229,EXXON MOBIL CORP,83.64000
11850,20180131,EXXON MOBIL CORP,87.30000
11850,20180228,EXXON MOBIL CORP,75.74000
11850,20180329,EXXON MOBIL CORP,74.61000
11850,20180430,EXXON MOBIL CORP,77.75000
11850,20180531,EXXON MOBIL CORP,81.24000
11850,20180629,EXXON MOBIL CORP,82.73000
